0.975431502,0.56989646,1.08080018,1.70475495,2
2.14194989,1.67393947,1.63709438,1.3110615,2
0.625476003,0.349087864,0.858282506,1.44229269,2
-1.47425699,1.23232222,-1.5337826,-1.3135612,0
-0.774345994,0.790705085,-1.31126499,-1.3135612,0
-1.70756066,-0.0925293118,-1.36689436,-1.3135612,0
-1.12430143,-1.41738093,-0.254305929,-0.263712108,1
0.625476003,-0.754955113,0.858282506,0.917368114,2
0.275520533,-0.0925293118,0.46887657,0.261212468,1
1.09208333,-0.0925293118,0.969541371,1.17983043,2
-1.24095333,-0.0925293118,-1.31126499,-1.18233001,0
0.50882417,0.56989646,0.524505973,0.523674726,1
-0.890997827,-1.1965723,-0.421194196,-0.132480964,1
0.858779669,-0.313337922,0.46887657,0.129981309,1
-1.12430143,-0.0925293118,-1.31126499,-1.3135612,0
-1.00764966,0.790705085,-1.2556355,-1.3135612,0
2.14194989,-0.0925293118,1.3033179,1.44229269,2
-0.307738662,-1.1965723,0.0794706047,-0.132480964,1
-0.424390495,-1.41738093,0.0238411818,-0.132480964,1
0.158868685,-1.85899806,0.691394269,0.392443597,2
2.37525344,1.67393947,1.47020614,1.04859924,2
-0.191086814,-0.313337922,0.246358871,0.129981309,1
-1.00764966,1.23232222,-1.31126499,-1.3135612,0
-0.541042328,0.790705085,-1.2556355,-1.05109894,0
-1.00764966,-1.63818944,-0.254305929,-0.263712108,1
-0.0744349808,-0.754955113,0.0794706047,-0.00124982034,1
-0.541042328,1.89474797,-1.14437664,-1.05109894,0
0.275520533,-0.313337922,0.524505973,0.261212468,1
0.625476003,0.128279284,0.969541371,0.786136985,2
1.09208333,0.349087864,1.19205904,1.44229269,2
0.975431502,0.128279284,1.0251708,1.57352388,2
0.158868685,-0.754955113,0.747023642,0.523674726,1
0.392172366,-0.534146488,0.580135405,0.786136985,2
0.625476003,-0.534146488,1.0251708,1.3110615,2
-1.70756066,-0.313337922,-1.31126499,-1.3135612,0
-0.541042328,1.45313084,-1.2556355,-1.3135612,0
-1.82421243,-0.0925293118,-1.47815323,-1.44479227,0
0.275520533,-0.534146488,0.524505973,-0.00124982034,1
-0.424390495,2.55717373,-1.31126499,-1.3135612,0
-0.191086814,2.99879098,-1.2556355,-1.05109894,0
1.79199433,-0.534146488,1.3033179,0.917368114,2
0.158868685,-1.85899806,0.135100022,-0.263712108,1
0.158868685,-0.0925293118,0.580135405,0.786136985,2
-0.541042328,1.89474797,-1.36689436,-1.05109894,0
-0.774345994,1.01151359,-1.2556355,-1.3135612,0
-0.774345994,2.33636522,-1.2556355,-1.44479227,0
1.20873523,0.128279284,0.635764837,0.392443597,1
0.858779669,-0.0925293118,0.357617706,0.261212468,1
-1.00764966,0.790705085,-1.20000613,-1.05109894,0
-0.191086814,-0.0925293118,0.246358871,-0.00124982034,1
-0.191086814,-0.975763679,-0.143047079,-0.263712108,1
-1.00764966,-2.30061531,-0.143047079,-0.263712108,1
0.975431502,-1.1965723,1.13642967,0.786136985,2
-1.59090877,-1.63818944,-1.36689436,-1.18233001,0
1.09208333,-0.534146488,0.580135405,0.261212468,1
0.975431502,-0.0925293118,0.691394269,0.654905856,1
0.50882417,-1.63818944,0.357617706,0.129981309,1
0.275520533,-0.534146488,0.135100022,0.129981309,1
0.392172366,0.790705085,0.913911939,1.44229269,2
-1.24095333,0.790705085,-1.20000613,-1.3135612,0
0.625476003,-0.313337922,0.301988304,0.129981309,1
0.50882417,-1.1965723,0.691394269,0.917368114,2
-0.541042328,-0.0925293118,0.413247138,0.392443597,1
-0.307738662,-0.0925293118,0.413247138,0.392443597,1
0.625476003,-0.534146488,1.0251708,1.17983043,2
-0.307738662,-0.754955113,0.246358871,0.129981309,1
2.14194989,-0.975763679,1.74835324,1.44229269,2
-0.657694161,1.45313084,-1.2556355,-1.3135612,0
-0.774345994,-0.754955113,0.0794706047,0.261212468,1
1.55869067,0.349087864,1.24768841,0.786136985,2
-1.12430143,-1.1965723,0.413247138,0.654905856,2
0.975431502,0.56989646,1.08080018,1.17983043,2
0.975431502,-0.0925293118,0.802653074,1.44229269,2
-0.890997827,1.01151359,-1.31126499,-1.18233001,0
1.67534256,-0.313337922,1.41457677,0.786136985,2
-1.00764966,1.01151359,-1.36689436,-1.18233001,0
-1.00764966,0.56989646,-1.31126499,-1.3135612,0
0.742127836,-0.0925293118,1.13642967,1.3110615,2
0.392172366,-0.313337922,0.301988304,0.129981309,1
-0.541042328,0.790705085,-1.14437664,-1.3135612,0
-1.24095333,0.128279284,-1.20000613,-1.3135612,0
-1.00764966,-0.0925293118,-1.20000613,-1.3135612,0
-1.70756066,0.349087864,-1.36689436,-1.3135612,0
-0.0744349808,2.11555672,-1.42252374,-1.3135612,0
-0.0744349808,-0.975763679,0.135100022,-0.00124982034,1
2.02529812,-0.0925293118,1.58146501,1.17983043,2
2.14194989,-0.534146488,1.63709438,1.04859924,2
0.742127836,-0.0925293118,0.969541371,0.786136985,2
-1.00764966,0.349087864,-1.42252374,-1.3135612,0
-0.0744349808,-0.754955113,0.747023642,0.917368114,2
-1.3576051,0.349087864,-1.36689436,-1.3135612,0
-0.191086814,1.67393947,-1.14437664,-1.18233001,0
0.042216856,0.349087864,0.580135405,0.786136985,1
-0.307738662,-0.313337922,-0.0874176621,0.129981309,1
0.50882417,-1.1965723,0.635764837,0.392443597,1
-0.424390495,-1.63818944,0.135100022,0.129981309,1
-1.00764966,1.01151359,-1.20000613,-0.788636625,0
-0.0744349808,-0.534146488,0.747023642,1.57352388,2
0.50882417,-0.534146488,0.747023642,0.392443597,2
-1.3576051,0.349087864,-1.20000613,-1.3135612,0
0.275520533,-0.0925293118,0.635764837,0.786136985,2
0.158868685,-0.313337922,0.413247138,0.392443597,1
-1.12430143,0.128279284,-1.2556355,-1.3135612,0
1.20873523,0.349087864,1.08080018,1.44229269,2
1.20873523,0.128279284,0.747023642,1.44229269,2
