0.712258935,2.22048664,-0.130258635,0.0596287176,-0.504327357,-0.528315842,-1.24000037,0.841180027,-1.05215108,-0.292188644,-0.200170279,-0.821641445,-0.629463613,2
0.882292151,-0.704571545,1.175336,-0.0906550437,2.34147882,1.0167588,0.662994742,1.08874249,-0.49293533,0.131520763,1.33982587,0.549312711,1.47568798,0
0.845856428,-0.730229974,1.175336,0.811047554,0.135979041,1.09807849,1.16326666,-0.644194841,1.25249577,0.258633584,1.06806183,0.130810902,1.62934864,0
0.578661382,-0.473645896,0.98882252,-0.240938812,0.77628541,0.0409221798,0.457000434,-0.644194841,-0.170962602,-0.376930505,0.660415828,0.361708432,1.04543805,0
-0.526554465,0.0908390358,-0.689799249,-0.391222566,-0.362037033,-1.14634573,-1.37732983,2.16151333,-1.18771863,0.851826787,-1.0154624,-1.49990296,-0.183847591,2
-1.15810633,-0.82431078,0.42928195,0.811047554,-1.07348859,0.382465005,0.221578375,0.511096716,-1.01825929,-0.927752733,-0.109582275,0.823503494,-1.13654387,1
-0.98807317,-0.909838796,-1.65966952,-0.240938812,-0.504327357,0.057186123,-0.0236529559,0.18101342,0.744117796,-1.01249468,-0.426640302,0.578174889,-1.3608886,1
-0.635861516,-0.952602804,-0.503285706,-0.691790104,-1.00234342,-0.528315842,-1.45580387,1.9139508,-0.662394643,0.152706236,-0.924874365,-1.60092068,-0.322142214,2
-0.417247385,-0.704571545,-0.465983003,0.270025998,-1.35806918,-1.53668034,-0.592589617,1.74890912,-0.0353951342,-0.86419636,0.0262997448,-0.807210326,-0.798490405,1
-1.47388232,-0.542068303,-1.88348579,-0.0906550437,-0.931198239,0.284881324,-0.416023076,0.0159717724,-0.374313802,-1.28366864,-0.064288266,-0.2588287,-1.04434752,1
0.55437094,-0.5933851,-0.540588379,1.26189888,-0.860053062,-0.723483145,-0.219838023,-0.809236467,-1.03520525,-0.571836829,0.116887756,0.23182857,-0.869174302,1
1.02803493,-0.396670669,0.765006304,-1.44320893,0.135979041,1.50467706,1.46735346,-1.63444471,0.100172333,0.14423205,-0.336052299,1.35745406,1.04543805,0
-0.320085555,0.92046082,-1.51045871,-1.14264143,-1.35806918,-1.13008177,-0.798583925,0.511096716,-1.37412381,-0.715898037,-1.15134442,-0.720623791,-1.17649567,1
-0.320085555,0.0309694204,-0.391377568,-0.0906550437,-0.931198239,-1.52041638,-1.52446866,0.923700869,-1.69609654,2.03821278,-1.74016654,-1.42774749,-0.875320733,2
0.0199808609,-0.60193795,0.615795493,-0.54150635,-0.0774564147,0.203561619,0.358907908,-0.644194841,-0.340421945,-0.355745047,0.751003861,-0.157811016,1.07617009,0
0.238594994,0.809274375,-0.391377568,-0.391222566,-0.0774564147,-0.85359472,-1.2105726,1.99647152,0.388253182,2.30091286,-1.78546047,-1.60092068,-0.245311871,2
-1.25526822,-1.22629249,-1.43585336,-0.240938812,-0.931198239,0.154769778,0.192150608,-0.561673999,-0.357367873,-1.09723651,1.92864799,0.72248584,-1.46537781,1
0.785130322,-0.447987497,-0.092955932,-0.781960368,0.349414498,0.154769778,0.613948464,0.428575903,0.557712495,-0.529465914,1.2492379,0.361708432,0.722750545,0
0.821565986,2.81918287,0.242768407,0.209912479,-0.290891886,-1.04876208,-1.4263761,1.25378418,-0.984367371,1.1060524,-1.42310846,-1.26900542,-0.0455529615,2
0.55437094,1.05730569,-0.727101922,-0.0906550437,-0.788907945,-1.14634573,-1.55389643,1.74890912,-1.28939414,0.258633584,-0.653110325,-1.1535567,-0.537267208,2
-1.91111064,1.18559766,-2.10730195,-0.0906550437,0.562849939,1.39082944,0.506046712,-1.05679893,3.28600764,-0.927752733,-0.924874365,0.275121868,-0.592585027,1
1.31952035,-0.747335553,-0.242166758,-0.902187347,-0.290891886,-0.203036979,0.358907908,-0.891757309,-0.120124802,-0.0379629917,0.977473855,0.289552957,1.61398256,0
-1.72893214,-0.858521998,1.175336,0.0596287176,-0.362037033,0.67521596,0.839561284,-0.644194841,1.43890107,-1.03368008,0.0262997448,0.924521208,-0.229945794,1
-0.745168567,1.77574098,1.2872442,2.01331758,0.207124189,-0.203036979,0.0646303222,0.511096716,0.117118262,-1.27519441,-0.154876277,0.72248584,-1.19800818,1
-1.9232558,0.0395222232,0.130860299,0.0596287176,-0.219746724,0.93543905,0.71204102,-0.396632344,0.320469469,-0.77945447,-0.698404372,1.1121254,-0.398972571,1
0.0928522348,-1.14931726,-2.5549345,-1.44320893,-1.50035942,1.06555057,1.09460187,-0.891757309,1.08303642,0.0891498327,0.751003861,0.809072435,-0.776977897,1
0.0564165488,1.32244253,-0.092955932,0.510479987,0.989720881,-1.48788846,-0.661254406,-0.231590703,-0.848799944,1.82635844,-1.74016654,-1.86068034,-0.629463613,2
1.24664903,-0.174297825,0.839611709,-0.661733329,1.55888212,0.447520763,0.437381923,-0.479153186,-0.662394643,-0.0167775229,0.479239792,1.3863163,1.66008079,0
1.00374448,-0.721677125,1.06342793,1.56246638,-0.931198239,1.0167588,0.78070581,-1.30436146,0.388253182,-0.724372208,1.83806002,0.780210257,-1.0597136,1
0.0199808609,1.28823125,-0.242166758,0.811047554,-1.00234342,-1.09755385,-0.465069354,1.99647152,-0.0353951342,-0.122704871,-0.517228305,-0.879365802,-0.737026095,1
0.639387548,-0.550621092,-0.27946946,-1.08252788,1.27430153,1.34203768,1.20250368,-0.231590703,1.18471205,0.440828621,-0.0189942606,1.0976944,0.123473808,0
1.53813457,-0.37101227,1.24994147,0.0596287176,1.48773694,0.772799611,1.05536485,-0.314111531,0.557712495,0.47048828,0.524533808,0.0442243256,1.61398256,0
-0.951637506,2.02377224,0.578492761,0.360196263,-0.717762768,-1.53668034,-1.56370568,1.33630502,-1.42496169,-0.525228798,-0.924874365,-1.94726694,-0.107017241,2
0.0199808609,-0.259825855,3.11507678,1.56246638,1.77231753,0.496312588,0.604139209,0.841180027,0.472982854,-0.639630377,0.796297848,0.837934613,0.231036291,0
-1.41315615,1.67310739,0.0189521816,0.360196263,-1.21577883,0.870383322,0.947463095,-1.30436146,2.15063024,-0.970123708,-0.924874365,1.47290289,-1.15190995,1
0.432918668,-0.499304295,0.876914382,-1.11258459,-0.43318218,0.85411936,0.859179795,-0.231590703,-0.323475987,-0.122704871,-0.154876277,0.866796792,1.35275936,0
0.153578386,0.00531101413,1.06342793,-0.361165822,0.135979041,0.772799611,1.1534574,-0.561673999,1.98117089,0.250159413,0.343357801,0.794641316,1.32202721,0
-1.44959188,-1.25195086,0.727703571,-0.54150635,-0.362037033,-0.203036979,0.143104345,-1.22184062,1.20165801,-0.86419636,-0.743698359,0.664761484,-0.721660018,1
-0.271504641,-0.0374529958,0.0562548861,1.26189888,-0.0774564147,-1.91075099,-0.955532014,-0.809236467,-1.37412381,0.258633584,-1.33252048,-1.8173871,-0.598731458,2
-0.259359419,0.869144022,-0.316772163,-0.0906550437,-0.788907945,-1.37404096,-1.37732983,0.263534248,-1.13688076,2.19074845,-1.06075644,-1.2545743,-0.214579731,2
2.1818316,-0.610490739,-0.801707327,-1.74377644,-0.148601562,0.772799611,0.898416817,-0.644194841,0.574658453,0.0467788875,0.569827795,0.332846254,0.891777277,0
-0.0893262029,0.937566459,-0.130258635,-0.391222566,0.491704792,-1.52041638,-1.3380928,0.263534248,-1.18771863,0.0806756392,-1.24193239,-1.2545743,-0.245311871,2
1.36810136,0.133603036,0.354676515,0.0596287176,-0.575472474,-1.04876208,-1.3380928,0.593617558,-0.679340601,1.95347118,-1.51369643,-1.31229877,-0.291410089,2
0.165723607,2.42575407,-0.242166758,0.6607638,-0.43318218,-0.951178372,-1.40675759,1.99647152,-0.154016674,1.19079423,-1.60428452,-1.64421391,-0.0916511714,2
1.63529634,1.05730569,-0.391377568,-1.14264143,0.207124189,1.50467706,1.08479261,-0.809236467,0.930523038,-0.0803339332,0.388651788,1.18428087,0.953241587,0
-0.805894732,-0.619043529,-0.316772163,1.41218257,-0.788907945,-0.170509085,0.378526419,0.263534248,0.439090997,-1.25824606,-0.290758312,0.23182857,-1.26869214,1
0.153578386,1.0402,-0.876312733,0.360196263,0.207124189,-1.34151304,-1.48523164,0.511096716,-0.577664971,-0.461672395,-1.60428452,-1.35559201,0.231036291,2
1.33166564,1.49349856,1.32454681,1.41218257,-0.219746724,-0.446996123,-1.27923739,1.58386743,-0.49293533,1.74161649,-1.55899048,-1.47104073,-0.598731458,2
-1.69249642,-0.251273036,0.28007111,0.540536761,-1.07348859,-0.609635532,-0.366976798,0.923700869,-0.49293533,-0.970123708,0.207475767,0.188535288,-0.229945794,1
0.590806663,0.69808799,1.24994147,1.11161506,-0.148601562,-1.26019335,-1.5146594,1.08874249,-1.84860992,-0.313374102,-0.290758312,-0.807210326,-0.721660018,2
-1.00021839,-0.995366812,-2.36842108,-0.902187347,3.69323659,-0.772274971,-0.769156158,-1.88200724,1.45584702,-0.948938191,1.47570789,0.650330365,-0.113163672,1
0.0199808609,2.94747496,-0.950918138,0.510479987,-0.931198239,0.480048656,0.574711502,-0.561673999,0.625496268,-1.0548656,-1.0154624,0.693623662,-1.15190995,1
-0.441537857,-1.17497563,-0.540588379,-0.54150635,-0.00631126342,-0.203036979,-0.12174549,-0.561673999,-0.306530058,-1.04639137,1.2492379,0.780210257,-0.936785042,1
0.323611587,-0.542068303,-0.913615465,-0.842073858,-0.362037033,0.122241899,0.123485841,-0.809236467,-0.49293533,-0.482857883,0.298063785,0.217397481,1.62934864,0
-0.903056562,0.69808799,-0.652496517,-0.54150635,-0.788907945,0.85411936,0.908226073,0.676138401,1.98117089,-1.18197834,2.10982394,0.303984046,-1.07200646,1
-1.68035126,-0.584832311,0.876914382,1.86303389,-0.788907945,-0.658427417,-0.445450842,0.263534248,-0.509881258,-1.0548656,1.83806002,0.852365732,-0.592585027,1
0.979453981,1.51060414,-0.0183505248,-0.0906550437,-0.717762768,-0.85359472,-1.2105726,0.923700869,-0.13707073,1.66111171,-1.74016654,-1.41331637,-0.844588578,2
-0.550844908,-0.909838796,-1.06282628,0.0596287176,0.278269351,-1.37404096,-1.45580387,1.33630502,-0.408205658,1.06368148,-1.6948725,-1.5431962,-0.352874368,2
-0.477973551,-0.849969208,-1.3612479,-0.902187347,0.0648338869,-0.495787948,-0.641635895,1.33630502,-1.72998846,0.279819071,0.116887756,-1.48547184,-0.936785042,1
0.821565986,-0.422329098,-0.092955932,-0.962300897,0.135979041,0.463784724,0.800324321,-0.809236467,0.0832263976,-0.546414256,0.705709815,1.99242234,0.861045182,0
0.311466366,-0.328248262,1.10073066,-0.902187347,0.207124189,1.09807849,1.14364815,-0.479153186,0.0323885977,0.385746419,0.524533808,0.318415165,1.5832504,0
0.772985101,-0.944050014,-1.73427498,-0.54150635,-0.362037033,-0.365676403,-0.268884271,-0.396632344,-1.54358315,-0.546414256,1.2492379,-0.229966506,-0.383606493,1
1.58671546,-0.576279521,1.175336,1.56246638,-0.0774564147,0.772799611,-0.739728451,1.33630502,1.79476559,3.35171223,-1.74016654,-0.951521337,-0.291410089,2
0.66367799,0.193472654,1.13803339,1.41218257,0.420559645,-1.26019335,-1.20076334,0.18101342,-0.170962602,1.51281345,-0.970168412,-1.18241882,-0.0148208225,2
-1.51031804,-0.191403434,1.47375774,2.6144526,-0.504327357,-0.316884577,0.172532097,1.74890912,0.201847926,-0.885381818,0.071593754,-0.2588287,-0.887613595,1
1.10090625,-0.533515513,-0.428680271,-0.721846879,0.633995116,0.902911186,1.44773495,-0.396632344,0.744117796,1.61450374,0.751003861,0.693623662,1.55251837,0
-1.15810633,-0.875627577,-0.316772163,1.14167178,-2.06952071,-0.203036979,-0.465069354,0.428575903,-0.442097515,-1.41925561,0.524533808,0.852365732,-0.398972571,1
-0.903056562,0.407292694,-0.615193784,-0.54150635,-0.788907945,0.203561619,0.182341352,-0.974278152,0.591604412,-1.24553478,0.886885881,0.982245564,-1.42849922,1
-0.380811691,-0.465093106,-0.689799249,-0.301052302,-0.931198239,-0.203036979,0.457000434,-0.891757309,0.218793869,-0.504043341,0.932179868,0.751348019,-0.125456527,1
1.44097269,-0.559173942,-0.316772163,-1.05247116,1.34544659,1.42335737,0.918035328,-0.891757309,0.659388125,0.54675597,-0.064288266,0.996676683,0.661286235,0
0.724404156,-0.465093106,1.175336,-0.781960368,0.918575704,0.85411936,0.829752028,-0.561673999,-0.306530058,0.936568618,1.47570789,0.376139551,1.70617902,0
0.25074023,1.39086497,-0.354074866,-0.691790104,0.278269351,0.51257652,0.55509299,-0.396632344,0.0323885977,-0.309137017,-0.607816339,0.549312711,-0.229945794,0
1.41668224,-0.507857084,0.242768407,-1.38309538,0.918575704,1.53720498,1.30059624,-0.231590703,0.557712495,0.703528464,0.433945805,0.332846254,2.13642907,0
0.96730876,-0.670360327,0.876914382,0.0596287176,1.13201118,1.0167588,1.31040549,0.263534248,0.134064198,0.639972031,0.796297848,-0.0712244436,1.15300047,0
-0.235068947,0.518479109,0.839611709,1.26189888,0.135979041,-0.00786964968,-1.43618536,1.33630502,-1.40801573,-0.0718597472,-0.290758312,-0.677330494,-0.506535053,2
0.25074023,0.202025458,1.8094821,0.360196263,1.34544659,0.772799611,0.613948464,0.18101342,0.30352354,-0.326085389,0.388651788,0.448295027,-0.0609190315,0
-0.0528905131,-0.584832311,0.802308977,3.06530404,2.83949494,1.58599687,0.810133576,-1.30436146,0.540766597,-0.737083495,1.61158991,1.27086747,0.707384467,1
0.445063889,1.92113864,1.77217937,1.56246638,0.918575704,-0.560843706,-1.08305228,-0.809236467,-0.899637699,1.44501996,-1.28722644,-1.00924575,-0.383606493,2
-0.854475617,-1.16642284,-1.62236691,-1.50332248,2.62605929,-0.690955281,-0.210028768,-0.149069875,1.89644122,-0.715898037,0.479239792,-0.446432948,-0.0148208225,1
-1.17025161,-0.16574502,-0.801707327,0.360196263,-1.00234342,0.447520763,0.574711502,0.0159717724,-0.49293533,-0.987072051,-0.426640302,0.953383386,-1.15805638,1
-0.21077849,-0.858521998,-0.242166758,-0.54150635,1.63002729,-1.32524908,-0.798583925,-1.30436146,-1.18771863,-0.41930145,-0.879580379,-1.9184047,-0.383606493,2
2.08466983,-0.533515513,0.0189521816,-2.5252521,-0.575472474,1.26071799,1.59487379,0.511096716,1.98117089,0.131520763,1.33982587,0.159673095,1.21446478,0
-0.635861516,-0.533515513,-1.51045871,0.209912479,-1.00234342,-0.203036979,-0.141363993,-0.396632344,-0.272638202,-0.910804391,0.388651788,1.37188518,-0.254531503,1
1.01588964,-0.38811788,1.54836309,-0.120711796,0.562849939,1.0167588,0.888607562,0.0159717724,0.201847926,-0.249817699,1.33982587,1.12655652,0.492259473,0
-0.842330396,0.0822862312,0.28007111,0.360196263,-0.0774564147,0.382465005,0.0450118147,-0.231590703,-0.560719073,-0.970123708,-0.698404372,1.0976944,-0.973663568,1
0.372192502,-1.20918691,-0.092955932,-0.842073858,0.77628541,0.333673149,-0.749537706,1.50134659,-2.06890702,-0.813351214,0.298063785,-0.994814575,-0.0148208225,1
0.287175894,1.64744902,-0.465983003,0.0596287176,1.48773694,-1.1951375,-1.34790206,0.511096716,-0.49293533,2.16532588,-1.64957845,-1.5287652,0.246402368,2
-1.4860276,-0.199956238,1.32454681,0.510479987,2.48376918,-1.17887354,-1.05362451,-1.88200724,-0.13707073,-1.09723651,-0.0189942606,-0.518588424,-0.398972571,1
0.542225718,-0.465093106,0.0935575888,0.209912479,0.0648338869,0.610160232,0.898416817,-0.891757309,0.371307254,0.00440794788,0.388651788,1.22757423,0.50762558,0
0.833711207,-0.790099561,0.42928195,-0.932244122,0.633995116,1.74863625,1.57525527,-1.46940303,0.676334083,0.724713922,-0.290758312,0.361708432,1.62934864,0
1.29522991,-0.16574502,-0.316772163,-0.54150635,0.420559645,1.0167588,1.23193145,-1.22184062,1.25249577,0.279819071,1.33982587,0.794641316,2.32082176,0
-0.611571074,2.69944358,0.951519787,1.56246638,-0.219746724,-0.869858682,-1.43618536,2.16151333,-0.916583657,-0.0379629917,-0.607816339,-1.34116089,-0.737026095,2
-1.25526822,-0.721677125,0.130860299,0.6607638,-0.931198239,-1.42283273,-0.798583925,1.08874249,-0.0184492022,-0.631156147,0.433945805,0.0442243256,-0.936785042,1
0.955163538,-0.516409934,0.130860299,-1.74377644,0.847430587,2.52930546,1.64392006,-0.396632344,0.388253182,0.83064127,0.252769768,0.924521208,1.33739328,0
1.63529634,-0.413776278,-0.0183505248,-2.34491158,0.207124189,1.58599687,1.54582751,-0.644194841,2.23535991,1.02131057,1.11335588,0.549312711,2.43453074,0
-0.805894732,-1.01247239,-1.73427498,-0.0605982915,-1.50035942,-0.349412471,-0.0628899708,-0.809236467,-1.01825929,-0.17355001,0.751003861,1.24200535,-0.752392173,1
-1.20668733,1.6645546,-0.0183505248,0.6607638,-1.35806918,-0.365676403,-0.308121294,0.428575903,-0.49293533,-1.0548656,-0.743698359,-0.0712244436,-0.537267208,1
0.797275543,0.775063217,0.578492761,0.0596287176,0.562849939,-0.804802895,-1.47542238,1.08874249,-1.42496169,0.334901273,0.0262997448,-1.1535567,-0.229945794,2
0.542225718,-0.584832311,0.951519787,0.811047554,-0.717762768,0.447520763,-0.945722759,1.25378418,1.09998238,2.82207561,-1.74016654,-1.21128106,-0.414338648,2
-1.78965831,-0.259825855,3.15237951,2.6144526,1.41659176,1.39082944,2.95835996,0.841180027,0.388253182,0.385746419,-0.109582275,1.54505837,-0.89068681,1
0.45720911,1.27112567,-0.98822087,-0.301052302,-0.646617651,0.203561619,0.604139209,-0.809236467,-0.272638202,-0.343033761,-0.200170279,0.549312711,0.861045182,0
0.0199808609,-0.533515513,-1.28664255,-2.22468448,-0.504327357,0.642688096,1.18288517,-1.63444471,2.15063024,0.894197702,0.751003861,0.419432819,1.21446478,0
-1.97183669,-1.38024294,0.42928195,0.360196263,-0.788907945,0.25235346,-0.0530807152,0.428575903,-0.340421945,-0.851485074,0.660415828,-0.446432948,-0.98595643,1
-1.66820598,-0.405223489,-1.73427498,-1.14264143,-0.148601562,-1.1626097,-0.484687835,-0.231590703,-0.831853986,-0.546414256,1.2492379,-0.691761553,-1.00439572,1
-1.01236367,0.578348756,-0.242166758,-0.240938812,-0.219746724,-1.74811161,-1.54408717,0.263534248,-1.54358315,0.173891708,-1.33252048,-1.13912559,-0.752392173,2
1.24664903,-0.619043529,-0.391377568,-1.14264143,1.91460788,1.09807849,1.08479261,-1.05679893,0.778009653,0.237448126,0.615121841,1.57392049,0.0773755983,0
-0.295795113,0.27044788,0.354676515,0.6607638,0.918575704,-1.37404096,-0.690682173,-1.05679893,-0.645448744,2.41955161,-2.1478126,-1.65864503,-0.844588578,2
0.96730876,-0.60193795,0.802308977,-0.781960368,-0.362037033,0.203561619,0.908226073,-1.22184062,1.09998238,0.216262653,1.29453194,1.08326328,1.56788433,0
-0.805894732,-0.978261232,0.653098166,-0.511449575,-0.0774564147,0.154769778,0.574711502,0.0159717724,0.744117796,-0.207446754,1.06806183,-0.460864037,-0.236092225,1
-0.623716295,0.0651806295,-0.801707327,0.360196263,-0.788907945,0.366201043,0.201959863,-0.891757309,-0.713232458,-1.30909121,-0.245464295,0.23182857,-1.3209368,1
-1.47388232,-0.755888343,-1.47315598,0.300082743,-0.931198239,-0.560843706,-0.455260098,-0.561673999,-0.18790853,-1.33027673,-0.0189942606,1.02553892,-0.798490405,1
-0.951637506,-0.533515513,-0.98822087,-0.240938812,-1.35806918,-1.09755385,-0.0334622115,0.0159717724,-0.0184492022,-0.715898037,0.207475767,0.794641316,-0.752392173,1
0.639387548,-0.533515513,0.28007111,0.209912479,1.20315635,1.03302276,0.702231765,-1.38688231,1.37111735,0.491673768,0.116887756,0.592606008,1.12226832,0
-0.222923726,0.783616006,0.727703571,0.6607638,0.491704792,-1.09755385,-1.43618536,1.9139508,-1.15382671,0.207788467,-0.381346315,-0.735054851,-0.567999363,2
1.19806814,-0.576279521,-0.652496517,-1.14264143,-0.219746724,0.528840482,0.260815382,-0.891757309,0.574658453,-0.165075809,0.388651788,1.40074742,0.861045182,0
0.66367799,-0.5933851,-0.092955932,-0.210882053,0.491704792,0.870383322,1.10441113,-1.22184062,0.523820639,0.767084897,0.615121841,0.376139551,2.33618784,0
1.40453696,-0.653254747,0.354676515,-0.992357612,0.633995116,1.58599687,1.8302958,-0.396632344,0.371307254,1.52976179,1.2492379,0.289552957,2.84326816,0
1.29522991,-0.285484254,0.0562548861,-0.301052302,0.278269351,0.691479921,0.839561284,-0.396632344,1.25249577,0.47048828,0.524533808,0.188535288,0.937875509,0
-0.380811691,-0.516409934,-0.391377568,0.811047554,-1.07348859,-1.53668034,-0.298312038,0.923700869,-0.0184492022,-0.758268952,-0.336052299,-0.287690878,-0.820002913,1
-1.15810633,-1.04668367,0.466584653,1.26189888,-1.50035942,-0.528315842,-0.474878579,0.263534248,-0.408205658,-1.22434938,1.61158991,0.145242006,-0.383606493,1
0.445063889,1.33099532,0.354676515,0.961331308,0.207124189,-0.85359472,-1.28904665,0.511096716,-0.39125973,0.936568618,-1.15134442,-1.5287652,-0.0148208225,2
1.02803493,2.29746199,-0.577891111,0.0596287176,-1.35806918,-2.18723798,-1.69122601,0.263534248,-1.62831283,-0.0803339332,-1.6948725,-1.86068034,-1.04434752,2
-1.3038491,-1.08089483,-0.316772163,0.360196263,0.135979041,1.71610832,0.0744395703,-1.96452808,0.0154426647,-0.796402812,0.162181765,0.736916959,0.403136283,1
-0.405102164,1.29678416,0.0562548861,0.961331308,0.135979041,0.821591496,0.476618946,0.511096716,0.523820639,-1.06757689,1.06806183,0.736916959,-0.896833241,1
